<?xml version="1.0" encoding="UTF-8"?>
<project-private xmlns="http://www.netbeans.org/ns/project-private/1">
    <editor-bookmarks xmlns="http://www.netbeans.org/ns/editor-bookmarks/2" lastBookmarkId="0"/>
    <open-files xmlns="http://www.netbeans.org/ns/projectui-open-files/2">
        <group>
            <file>file:/C:/Users/chava/Documents/NetBeansProjects/AED_Project/src/Interface/VolunteerOrganization/ManageOrganization.java</file>
            <file>file:/C:/Users/chava/Documents/NetBeansProjects/AED_Project/src/Interface/VolunteerOrganization/ManageUserAccount.java</file>
            <file>file:/C:/Users/chava/Documents/NetBeansProjects/AED_Project/src/Interface/Taker/ChangeSeeker/ChangeSeekerWorkArea.java</file>
            <file>file:/C:/Users/chava/Documents/NetBeansProjects/AED_Project/src/Interface/NGOManager/SupplyRequest.java</file>
            <file>file:/C:/Users/chava/Documents/NetBeansProjects/AED_Project/src/Interface/VolunteerOrganization/ManageEmployee.java</file>
            <file>file:/C:/Users/chava/Documents/NetBeansProjects/AED_Project/src/Interface/Taker/ManageEmployee.java</file>
            <file>file:/C:/Users/chava/Documents/NetBeansProjects/AED_Project/src/Interface/VolunteerOrganization/VolunteerAdminWorkArea.java</file>
            <file>file:/C:/Users/chava/Documents/NetBeansProjects/AED_Project/src/Interface/VolunteerOrganization/VolunteerDashboard.java</file>
            <file>file:/C:/Users/chava/Documents/NetBeansProjects/AED_Project/src/Interface/Taker/ManageOrganization.java</file>
            <file>file:/C:/Users/chava/Documents/NetBeansProjects/AED_Project/src/Interface/Taker/ManageUserAccount.java</file>
            <file>file:/C:/Users/chava/Documents/NetBeansProjects/AED_Project/src/Interface/NGOManager/ManagerWorkArea.java</file>
        </group>
    </open-files>
</project-private>
